comment,emotion
im staying here with y daddy and my husband we got married yayyyyyyyyyyyyyyyyyyyyyyyyyyyyyyyyyyy,sadness
guess i am me ashley emily amanda/ hay miss u babe,joy
anyone in 2027??,joy
2025,joy
This song hits different,joy
This music...🥺❤️🎶🎶,joy
Who is lestening this to this in 2025but all I think bout is 2021 222 2023. 2024,joy
I&#39;m falling to pieces,joy
IF I FIND A WAY WOULD YOU WALK IT WITH MEEEE,joy
Wait right here,sadness
Here,sadness
2025?,joy
ALWAYS MY FAV❤..,sadness
I miss him,joy
He did not freaking come back this morning...,joy
"&quot;If you give me time, I can work on it<br>Give me some time while I work on it<br>Losin&#39; your patience, and, girl, I don&#39;t blame you<br>The Earth&#39;s in rotation, you&#39;re waitin&#39; for me&quot;",sadness
who listening to this in 2026?,joy
December 2025 anyone ❤,joy
2025 anyone?,joy
Anyone in 2025?,joy
Who here in 2025,joy
7 nov 2025,joy
Anyone in 2025,joy
YO,joy
Who’s listening in 2025?❤,joy
Who’s listening in 2025?,joy
❤,joy
still at 2025  at 8:26 PM and i feel like im dying inside,sadness
BFDI character themes: Shopping cart,joy
Essa musica do lil peep  e top😊😊❤,joy
Who’s listening in 2025 ?,joy
Anyone from 2025?,joy
"At one point, I never had heard of little peep till last year, so late on everything. I had new he passed, and it was sad and still is. My ex and I started listening to him he was the one who introduced me to him. Now I listen alone.",joy
Anyone in 2025?,joy
Who this 2025 listening to the song?,joy
2025?,joy
"I’m in 2025 it’s a banger <a href=""https://www.youtube.com/watch?v=rFZKABdjrLc&amp;t=45"">0:45</a>",joy
2025 people here👇🫶,joy
Back again,joy
who listening to this in 2025?,joy
Anyone 2025😢,joy
Anyone 2025?,joy
Class!,joy
2025 anyone?,joy
2025,joy
мне очень плохо...,joy
You left too soon brother rest easy,joy
❤,joy
2025??,joy
AGHH love dis song soo fucking much,sadness
2025 and im still here,sadness
Hey bitches😂,joy
2025 still here!,fear
"<a href=""https://www.youtube.com/watch?v=rFZKABdjrLc&amp;t=86"">1:26</a> <a href=""https://www.youtube.com/watch?v=rFZKABdjrLc&amp;t=105"">1:45</a> <a href=""https://www.youtube.com/watch?v=rFZKABdjrLc&amp;t=21"">0:21</a> <a href=""https://www.youtube.com/watch?v=rFZKABdjrLc&amp;t=47"">0:47</a> <a href=""https://www.youtube.com/watch?v=rFZKABdjrLc&amp;t=26"">0:26</a>",joy
albibek,joy
Who’s here in 2025?,joy
2025  🇦🇷,joy
Whos here 2025?,sadness
2025 anyone??,joy
Who’s listening in 2025,joy
"I miss you, Peep.",sadness
2025?,joy
Who&#39;s watching this in 2025,joy
2025 gng,joy
When the song reminds u person 💔,sadness
&quot;WRH&quot;💔,joy
2025?,joy
Aug 2025,joy
Whos here in 2025???🔥🔥,sadness
2025?,joy
Aug 2025?,joy
💖✨,joy
2025 anyone ???,joy
2030 remember,sadness
2025?,joy
real. 👐🏼👐🏼👐🏼👐🏼👾,joy
Who’s listening in 2025 ????,joy
Who&#39;s listening to this in 2045?,joy
2025 song still hits,fear
Anyone still here in 2025?,sadness
Who&#39;s listening in 2025,joy
I LOVE LIL PEEP,joy
2025?,joy
2025 anyone??,joy
2074?,joy
2025?,joy
It’s the night of Ozzy Osborne’s Death.,sadness
Who’s listening 2025,joy
2025? Anyone?,joy
25,joy
Who’s listening in 2025?,joy
I hate overthinking,sadness
2025?,joy
“ I’m falling to pieces “❤,joy
2025?,joy
2025?,joy
2025,joy
2025??,joy
2025?,joy
Who listening in 2025?,joy
Wait right here I&#39;ll be back in the morning <br>⚫🌦️🚶🏿,joy
2025 anyone???,joy
Who’s listening in 2025,joy
Name song?,joy
Who&#39;s listening in 2025?,joy
2025 July 5th,joy
Anyone in 2025?,joy
Why did he have to overdose 😔,joy
Whos listening in 2008 rn,joy
2025,joy
Who&#39;s here in 2025??💜,joy
"&quot;I know that I&#39;m not that important to you, <br>But to me, girl, you&#39;re so much more than gorgeous so much more than perfect&quot; 🔥🔥😮‍💨😮‍💨",joy
i love this song ❤,joy
"are my ears broke???<br>i really hear him sing: <br> &quot;wait,where are you&quot;<br>at the beginning.",sadness
"2025, anyone?❤",joy
2025?,joy
Who listening from 2025?,joy
Who listening to this in 2025?,joy
Not a big peep fan and not for what he supports but this song&gt;&gt;&gt;&gt;&gt;,joy
2025 anyone 🎉🎉🎉🎉,joy
Who listening to this in 2025?,joy
2025 whose here,sadness
Any one in 2025,joy
reste in peace from france !!!!!!!!,joy
For you Eli,sadness
Who&#39;s here in 2035,joy
2025???,joy
2025??,joy
2025...,joy
2025??,joy
2025?,joy
2025?,joy
This song is so good,joy
Here in 2025,sadness
Who’s here in 2025 may?,joy
Whos here in 2025?,sadness
Who listening in 2025,joy
2025?,joy
Who bangs this in 2025?,joy
Anyone in 2025? Leave your heart ❤️,joy
2025 anyone??💜🖤,joy
La definición de poema,joy
I&#39;m here in 2025 by the way.,sadness
2025 anyone?,joy
Who‘s listening in 2025?,joy
Well it’s that time of year who’s listening to this in 2025 🙌🏽,joy
2025.... Anyone?,joy
December 2023 / December 2024 😢,joy
Que sad y tan hermosa canción <br>I es que es una bill realidad de desamor 🥹<br>Maldita sea <br>Quien escuchando esta joya en 2025?,sadness
Who listening in 2025?,joy
2025,joy
Star shopping?,joy
"Whos listening in,2025🎉 greetings from Australia 🦘",joy
Still here,fear
Here in 2025 cos he fvked my heart up,sadness
Who listening to this in 2025,joy
Anyone 2055,joy
❤,joy
this song is perfect to listen when it rains,joy
Whos listening in 2025,joy
2025?,joy
Anyone on 2025?,sadness
Who listening to this in 2025?,joy
Whan sad stuff comes to my hand  this make me stop crying thank you,sadness
2025,joy
Who listening to this in 2025?,joy
2025 yall,joy
Its crazy how i came back to this song few years later and i see myself in the lyrics... it hits hard,joy
2025,joy
Me,sadness
"Me <a href=""https://www.youtube.com/watch?v=rFZKABdjrLc&amp;t=17"">0:17</a>",joy
Who listening to this in 2025 ?,joy
2025?,joy
When im fallin in pieces,joy
2025 anyone??,joy
who here in 2025??,joy
Who listening in 2025,joy
2025 anyone? 🫶🏻❤️‍🔥,joy
Someone here in april 2025?,sadness
2025 anyone ??!,joy
So much more than perfect ❤,joy
2025 anyone?❤,joy
2025 🥲,joy
This music forced me to get drunk,joy
Anyone in 2025?🎉,joy
who still bumpin peep in ‘25 ??,joy
2025???,joy
Каникулы💔,joy
Who here in 2025,joy
Who listening to this in 2025?,joy
20207468 who watching here<br>😊,joy
MARCH 2025..,joy
😔😔😔,joy
"<a href=""https://www.youtube.com/watch?v=rFZKABdjrLc&amp;t=16"">0:16</a> 2025? anyone",joy
Who listening in 2025,joy
2025,joy
2025 anyone?,joy
I&#39;m here in 2025.,sadness
this song is on repeat for me 🫶🏼like therapy,sadness
Anyone 2025 guys,sadness
Love you Zayden 💕,sadness
2025?,joy
Who is listening in 2025?❤,joy
2025?🎉🎉,joy
Your music will forever be alive❤❤🎉❤ 2025 still here,joy
2025? RUN THIS UP BABY🖤,joy
2025 anyone????❤,joy
2025 anyone,joy
2025 anyone 🧐,joy
2025 🎉,joy
We’re so sad <br>If you read this l want you to know how much I love you <br>Abd Alrhman ❤️,sadness
❤🙏🏾🤞🏾,joy
Me,sadness
2025 anyone?,joy
and all of a sudden I become that 17 year old teenager the was depressed and turned to acid and Xanax to feel something,joy
Anyone 2025😂❤,joy
2025 anyone???,joy
3030 gng,joy
Who’s hear in 2025?,joy
2025💔,joy
Rip lil peep,joy
Who listening to this in 2025?,joy
lil peep made this song for us,sadness
2025 gang,joy
Anybody 2025,sadness
whos listening to this in 2025 ?😢,joy
if the stars have a reason then whats my reason,joy
2025..,joy
Who listening to this in 2025? <br>Today 31.01.25,joy
Who is listening to this in 2025?,joy
Who listening to this on 2025?,joy
2025?,joy
Anyone 2025?,joy
2025 souls❤,joy
2025?,joy
2025???,joy
Here in 2025,sadness
WHO listening to this in 2025,joy
Rip,joy
2025?,joy
Your missed Lil Peep gone but never forgotten,sadness
2025 but it feels like 2020,sadness
who listening 2025 ha?,joy
2025,joy
Who listening to this in 2025,joy
2025,joy
Wtf this song 🔥🔥🔥🔥🔥🔥😊,joy
I&#39;m in  2025,joy
Who&#39;s here 2025?,joy
Woh is here wit me 2025,sadness
Here i am,joy
Cry baby boy,joy
who listening to this in 2025?,joy
Rip,joy
2025 anyone?,joy
I can admit I was a Peep hater I don&#39;t even like the marshmallows but he was expressing his emotions in a different way just like Juice and X. Rip to that man. music was their escape.,joy
2025😢❤,joy
2025..?,joy
"unfortunately, this shit has likes and was posted.",joy
Who&#39;s listiening 2025?,joy
2025 any1?,joy
Anyone 2025?,joy
I miss lil peep,joy
2025 anyone?,joy
"No 2024,2025🎉😊",sadness
It&#39;s 2025 🎉<br>  We are here 🙏 <br>Love u <br>Mr peep❤,sadness
Who listen in 2025,anger
Who is listening in 2025 💚,joy
2025🌠,joy
2025 anyone?,joy
2025. 🎉🎉 3 января 😎,joy
Whose listening 2025,joy
2025,joy
Who&#39; came back again in 2025,joy
Who is listening to this in 2025?,joy
Any one here I. 2025,sadness
2024,joy
Mep,joy
Me,sadness
This one hits different,joy
Merry Christmas Everyone,joy
Who&#39;s listening in 2025,joy
Rest in peace 🕊️,joy
"&quot;If I find a way, would u walk it me?&quot;",joy
lil peep isn&#39;t dead he&#39;s just star shopping,joy
Why ❤😢 lil peeps 😭😡 love,joy
Absolute poetry,joy
"Here we go again, again , again and again. It feels like I am already dead and i cannot even move a bit, it feels like everything has ended and now all you can remember is about that one relationship, that one person, that one time",sadness
2025,joy
"I love this song so much, Lil peep has the most quietest voice, but so deep and smooth.",joy
2024 december anyone?,joy
"“Look at the sky tonight, all of the stars have a reason” ty peep",joy
"Als je je hiermee kunt identificeren, ben je kapot",joy
Who is listening to this in December 2024❤,joy
Me,sadness
ilsm this song🐣,joy
Any one in December 2024,joy
"Art man, art for real. Nothing but emotion &amp; a form his truth.",joy
Lil peep te amo,joy
Lil peep e vide e sentimento,joy
If you’re still listening to this in 2024 ur a legend,joy
29 november ?,sadness
M still here RIP angel,joy
Wow never heard of hi gave it a shut the lyrics are on point but sound on his songs are horrible I think everyone on here should go peep my friends page his name is rapper sinner he does all forms of hip hop r&amp;b rap reggae country rap country rap rock rap reggae gangster hip hop love songs and gospel and every form also even does some blues add a doo-wop song and some rock pretty much is versatile I&#39;ll go get the link and share it with you guys thank you enjoy❤.,joy
"Me nov 27,2024 at 5:45 pm ❤",joy
"Vrede zij met jou, je hebt een fout in de tekst. Mijn vriend Zain vertelde me dat ❤❤",joy
Be quiet dummy,joy
Shut up you dumb ah,sadness
End of Nov 2024 I’m still here 🖤,sadness
POV it’s 2024😢,joy
Alguien 2024?,joy
I&#39;m depressed. I don&#39;t wanna live.,sadness
lil peep day❤,joy
5/25/24 - 7/13/24,joy
This song never dies 🥲,sadness
2024 and this is still my Comfort song,joy
Me bro do u not like it cuz we didn&#39;t ask for your opinion bro don&#39;t be haten bud,sadness
Happy birthday lil peep🕊️,joy
Lil pep мы некогда не забудем тебя!!!,joy
I know that I&#39;m nothing like my family want me to be if I find a way would you walk it with me? Look at my face cuz we only have 1 Convo a week,sadness
"I know that I&#39;m not that important to you but to me girl your so much more than gorgeous, so much more than perfect. Right now I know I&#39;m not worth it. But give me some time while I work on it - lil peep",joy
For my NightStar ⭐,sadness
kan jag få xxx numer,joy
Anyone 10 2024,joy
rip legend.,joy
i love watching with like 50 times,joy
Me I fucking  love lil peep,sadness
"<a href=""https://www.youtube.com/watch?v=rFZKABdjrLc&amp;t=55"">0:55</a> “I did this all by myself matter of fact I ain’t never asked no one for help and that’s why I never pick up my phone when it rings” 😶",sadness
Love music,joy
Too many thoughts going through my head but music always makes it better,joy
best music ever,joy
Well i listen to this its my fav songs,sadness
"<a href=""https://www.youtube.com/watch?v=rFZKABdjrLc&amp;t=47"">0:47</a>",joy
rest in peace lil peep 🕊️,joy
Meee still love it,joy
Who still listening in 2031 ?,joy
"None of my exes is over lil peep, Oh no ones over lil peep",sadness
That’s why your friends always hatin on me f*ck em though I did this all by myself 😔,sadness
This always makes me melt down 😢,joy
(None of my exes is over lil peep) no ones over lil peep,sadness
I Love you lil...,sadness
"&quot;Look at the sky tonight ,all of the stars have a reason...&quot;",joy
His only good song,joy
who&#39;s listening to this in october 2024???,joy
Anyone in 3045,joy
Mel if it&#39;s real you find me,sadness
السلام عليكم you have a mistak in lyrcs pleas my friend zain told me that ❤❤,sadness
"I just discovered this song yesterday and i played it for almost an hour of road trip, it was a good experience... RIP.",sadness
"I know its underrated af but I don’t ever want the reels and tiktok ruin this perfect song ,",joy
💔💔💔💔,joy
who listening in 2024?,joy
I might cry tonight. I&#39;m not ok 😅,joy
"Wait right here<br>I&#39;ll be back in the morning<br>I know that I&#39;m not that important to you<br>But to me, girl, you&#39;re so much more than gorgeous<br>So much more than perfect<br>Right now I know that I&#39;m not really worth it<br>If you give me time, I could work on it<br>Give me some time while I work on it<br>Losin&#39; your patience, and, girl, I don&#39;t blame you<br>The Earth&#39;s in rotation, you&#39;re waiting for me<br>Look at my face when I fuck on your waist<br>&#39;Cause we only have one conversation a week<br>That&#39;s why your friends always hatin&#39; on me<br>Fuck &#39;em though, I did this all by myself<br>Matter of fact, I ain&#39;t ever asked no one for help<br>And that&#39;s why I don&#39;t pick up my phone when it rings<br>None of my exes is over Lil Peep<br>Nobody flexin&#39; as much as I be<br>That&#39;s why she text me and tell me she love me<br>She know that someday I&#39;ll be over the sea<br>Makin&#39; my money and smokin&#39; my weed<br>I think it&#39;s funny, she open up to me, get comfortable with me<br>Once I got it comin&#39;, I love her, she love me<br>I know that I&#39;m nothing like someone the family want me to be<br>If I find a way, would you walk it with me?<br>Look at my face while you talkin&#39; to me<br>&#39;Cause we only have one conversation a week<br>Can I get one conversation at least?<br>Shout out to everyone makin&#39; my beats, you helpin&#39; me preach<br>This music&#39;s the only thing keeping<br>The peace when I&#39;m fallin&#39; to pieces<br>Look at the sky tonight, all of the stars have a reason<br>A reason to shine, a reason like mine, and I&#39;m fallin&#39; to pieces<br>Look at the sky tonight, all of the stars have a reason",sadness
Who’s listening in the future?,joy
"&quot;look at the stars tonight,all of the stars have a reason&quot; best oneeee&lt;3",joy
"“Look at the sky tonight,all of the stars have a reason”😍",joy
Anyone 2024 9 11?,joy
My bf told me the beginning of this song reminds him of me<br>Is that a good thing or a bad thing yall i need to know?😢😅,sadness
❤❤❤,joy
Who&#39;s listening to this 2055 anyone?,joy
Everyday I Come Here Listen To Tge Music Cry And Read Comments 😂😂,sadness
making money and smoking my weed,joy
"“All of the stars have a reason”<br>✨-Lil peep <br>✨-Xxxtentacion<br>✨-King von <br>✨-Juice wrld <br>✨-Tupac <br>✨-Pop smoke<br>Eventually, you will have to move onto the next chapter in your life. They aren’t gonna be there long rest in peace to the people who we have loved and cherished RIP Lil Peep…❤☹️😭",joy
Me,sadness
RIP lil peep🤍🕊️,joy
damn he&#39;s right,anger
Wish this song was longer,joy
Me🎉,sadness
"<a href=""https://www.youtube.com/watch?v=rFZKABdjrLc&amp;t=64"">1:04</a> hits hard",joy
classic,joy
I listen to this in 2024,joy
ЮТУБ НЕ РАБОТАЕТ!!!!,joy
I miss you but y your there grab me a star ❤🥹,sadness
"<a href=""https://www.youtube.com/watch?v=rFZKABdjrLc&amp;t=100"">1:40</a> damn😢",joy
Meee,joy
this music the only thing keeping the peace when I&#39;m falling to pieces 🤩,joy
Go asleep baby theres no point of worrying about him..,joy
I Know That im nothing like someone the family want me to be 😔,sadness
"<a href=""https://www.youtube.com/watch?v=rFZKABdjrLc&amp;t=62"">1:02</a> this sound😩",joy
Just sang this at a karaoke spot lol,joy
Song just doesn’t leave my head,sadness
anyone listening to this in 2026?,joy
If i find a way would u walk it with me,joy
"<a href=""https://www.youtube.com/watch?v=rFZKABdjrLc&amp;t=105"">1:45</a> tho❤",joy
1.45 is the best,joy
This song is literally explaining my situation with my boyfriend I used it listen to this song so much when it came out but now that I’m older I really know the deep meaning behind it,joy
Dell rodau tvers is going be mother star in the sky❤,joy
2024 14 august,joy
Love u person ❤,joy
Anyone August 2024?,joy
This song hits different when you hit the za🍃,joy
3 sus,joy
Stop asking who will listen to peep. Always,joy
[*],joy
august 2024 anyone?,joy
Who&#39;s here on 2037?,sadness
Ily peep,joy
August 2024 anyone?,joy
Who listening to this in 2025 ?,joy
Who listening to this in 2026 ?,joy
I can listen to this and not get tried ❤,sadness
2024 decided to learn this on acoustic. <br>Brings back many memories,joy
Me,sadness
Shit saved my life twice,sadness
who’s listening to this 2024 July ?,joy
July 2024 anyone ?,joy
July 2024 who’s listening???,joy
July 2024🎉,joy
July 2024 anyone?,joy
I am broken I am .,joy
July 2024 anyone?,joy
forever,joy
July 2024,joy
Just that it is 2024 don’t have to be rude person that died in 2017,joy
July 2024??,joy
Jule 2024 anyone?,joy
2024 still here,fear
Every time<br>It hits different,joy
Imagine this in a pregant girl to playing this for her soon to be baby in that perspective,joy
"Wait right here (wait right here)<br>I&#39;ll be back in the mornin&#39; (mornin&#39;)<br>I know that I&#39;m not that important to you<br>But to me, girl, you&#39;re so much more than gorgeous (yeah)<br>So much more than perfect (yeah)<br>Right now, I know that I&#39;m not really worth it<br>If you give me time, I can work on it<br>Give me some time while I work on it<br>Losin&#39; your patience, and, girl, I don&#39;t blame you<br>The Earth&#39;s in rotation, you&#39;re waitin&#39; for me<br>Look at my face when I fuck on your waist<br>&#39;Cause we only have one conversation a week<br>That&#39;s why your friends always hatin&#39; on me<br>Fuck &#39;em though, I did this all by myself<br>Matter fact, I ain&#39;t never asked no one for help<br>And that&#39;s why I don&#39;t pick up my phone when it ring<br>None of my exes is over Lil Peep<br>Nobody flexin&#39; as much as I be<br>That&#39;s why she text me and tell me she love me<br>She know that someday I&#39;ll be over the sea<br>Makin&#39; my money and smokin&#39; my weed<br>I think it&#39;s funny, she open up to me<br>Get comfortable with me, once I got it comin&#39;<br>I love her, she love me<br>I know that I&#39;m nothing like someone her family want me to be<br>If I find a way, would you walk it with me?<br>Look at my face while you talkin&#39; to me<br>&#39;Cause we only have one conversation a week<br>Can I get one conversation at least?<br>Shout out to everyone makin&#39; my beats<br>You helpin&#39; me preach<br>This music&#39;s the only thing keepin&#39; the peace when I fall into pieces<br>Look at the sky tonight<br>All of the stars have a reason<br>A reason to shine, a reason like mine<br>And I&#39;m fallin&#39; to pieces<br>Look at the sky tonight<br>All of them stars have a reason",sadness
who listening in 2024?,joy
❤❤❤❤❤❤❤❤❤,joy
&quot;And im falling in peices&quot; hit hard,joy
Banger,joy
“A reason to shine”🫡,joy
me😊,sadness
This song at 3 in the morning hits different.,joy
November 2033 anyone?,sadness
Listen it on 2x,joy
Rip lil peep a legend,joy
glade this music is still alive ..,joy
Wait right here I&#39;ll be back in the morning I know that I&#39;m not that important to you but it me girl you&#39;re so much than gorgeous So much than perfect right now I know that I&#39;m not ready worth it if you give me time I could work on it give me some time while I work on it (that all for today my   sister tried),joy
ჩემი გიო მინდა :((,joy
yes😭,joy
This song hits hard,sadness
Its a thunder storm,sadness
If you can relate to this your broken,sadness
I miss lil peep 😢 I hope it&#39;s me ❤,sadness
“cause we only have one conversation a week”,joy
Who still thinks he is the best in 2024,joy
traumatized after my ex,sadness
Send this song throughout universes,joy
2024,joy
RIP LIL PEEP,joy
"<a href=""https://www.youtube.com/watch?v=rFZKABdjrLc&amp;t=20"">0:20</a>",joy
"I wanna Die Peep, please let me go God.💔💔💔😇",joy
Someone just take me out Alr,sadness
2024 like here!🔥🔥💕,sadness
June 2024 anyone ?,joy
"When im gone please remember i loved you.till the moon and back. To my brothers,ill join you soon.",joy
June 2024?? Anyone???,joy
2 mins<br>1 great song<br>0 alive<br>rip,sadness
“Making my money smoking my weed”,joy
Люблю лил пипа,joy
June 2024 anyone!?!?,joy
this song remind me of her eyes,sadness
june 2024 anyone???,joy
2024 is so sad i am broken 🫶🕊,joy
Me,sadness
"<a href=""https://www.youtube.com/watch?v=rFZKABdjrLc&amp;t=135"">2:15</a>",joy
"Sometimes, it&#39;s best to be alone even when it hurts the most",sadness
😢,joy
Who&#39;s listening to this yesterday ago,joy
Ths song has the same tempo as a made in abyss ost i dont remember the name,sadness
I heard an instrumental by Julia Gartha called you should know me by now and it sounds so similar to this.. I love when I hear instrumentals that I recognize,joy
&quot;When I die love me&quot;,sadness
rip lil peep :(,joy
he&#39;s not dead he&#39;s star shopping,joy
Me,sadness
Hitting hard @ 4am after getting home from a work trip /:,joy
lil peep and TX2 should make a song together,sadness
"came back to my comment from last year. i’ve always loved this song sm. it makes me cry a little extra now cuz this is what i would listen to all of november, after i found out my boyfriend slept with some1else. me and my girl in my belly was all alone. i constantly cry to this song when nobody is home. i love you peep&lt;3 i can’t wait to be on the other side with you. i really wish i could have seen you.&lt;3 -kai 19yrs",sadness
"May 22, 2024 it just makes so much sense to listen to this......",joy
bag pula,joy
Listening to this everyday no matter what ily Peep. Forever live on,sadness
Yes me,joy
m,joy
Nooo👎😂,joy
man this song never fails about making me cry,joy
Idk wtf im doing with my life,joy
On repeat everyday atp…,sadness
This song though ❤,joy
"<a href=""http://www.youtube.com/results?search_query=%23longlivekeigan"">#Longlivekeigan</a>. ❤️",joy
The pain in these words 😢,sadness
Love it,joy
This made me cry no lie..,sadness
If I find my way will you walk in with me 💔,sadness
Me,sadness
Me I would this is the bomb,joy
❤ legendary rip peep I relate so much to this song 💔💔💔💔💔,joy
Who is listening to this in 2024 me bc it’s so good like it it’s different,joy
i’m walking down the isle to this song,joy
All the way up on my JBL speaker,sadness
2024,joy
I been living with I love this song my favorite and the Playlist I miss Lil peep fly high Lil peep 💔,sadness
2024 may anyone?,joy
All the stars have a reason,joy
forever anyone?,joy
Me,sadness
rip lil sleep that boy 6 feet deep foreva sleep he kinda spit tho ngl,joy
"lil peep was such a good lyricist, such a shame how he carried on",joy
My daughter just asked me to play this. Father of the year ❤,joy
"rest in peace ma boy ,i love u &lt;3",joy
2024 May anyone???,joy
"Today my Teacher send me to the doctor. She called my dad. I have the feeling that everyone hate me right now. I have the feeling that i dont will stay here for long anymore. I love this song, it makes me clam somehow. Everything is so chaotic",joy
Forever and always❤,joy
"Wait right here I’ll be back in the morning,ik that I’m not that important to you but to me girl you’re so much more than gorgeous you’re so much more than perfect.right now jk that I’m not really worth it if u give me some time I could work on it give me some time while I work on it. Losing ur patience and girl I don’t blame u the earth’s in rotation. You’re eating for me look at my face while I fuck on ur waist &quot;cuz we only have 1 conversation a week” that’s why you’re friends be hating on me. Fuck them though I Did this all by myself matter of fact I ain’t ever asked no one for help and that’s why I don’t pick up my phone when it rings. None of my exs is over lil peep nobody flexing as much as I be that’s why she text me and tell me she love me she n know someday I’ll be over the sea making my money and smoking my weed I think it’s funny she open up to to me get comfortable with me once I got it coming I love her she love me. Ik that I’m nothing like someone the family want me to be if I find a way would you walk it with me look at my face while u talking to me cuz we only have one conversation a week can I get one conversation at least. Shout out to everyone making my beats you helping me preach. This musics the only thing keeping  the peace when I’m falling to pieces. LOOK AT THE SKY TONIGHT ALL OF THE STARS HAVE A REASON A REASON TO SHINE A REASON LIKE MINE AND IM FALLING TO PIECES LOOK AT THE SKY TONIGHT ALL OF THE STARS HAVE A REASON.",joy
Me,sadness
I know that I&#39;m nothing like the someone the family want me to be,joy
Who’s listening to this in 2011,joy
Look at the stars tonight..,joy
Me haters y&#39;all are so mean,sadness
Who&#39;s listening to this in 2026?,joy
He&#39;s really star shopping now,joy
Look at the sky tonight all of the stars have a reason hits different,joy
Pure liebe,joy
May?,joy
2024 May anyone?,joy
damn im floating back to the days.,joy
How have i only found this.<br>On repeat and singing to the stars,joy
🎉,joy
Who&#39;s listening to this in 2025?,joy
“Right now I know I’m not really if u give me time I can work on it” brings me back to when my now ex told me he needed time to himself and then went and had a one night stand and then came crying on my door step cause he was drunk and didn’t know what to do so I called his mom and she came with a change of his clothes and he stayed at my house for 2 years working on himself and now he’s one of my best friends 🙂,joy
2030 anyone,joy
Look at the sky tonight all of the stars have a reason a reason to shine a reason like mine and im falling to pieces,joy
This music&#39;s the only thing keeping the peace when im falling to pieces,joy
I&#39;m still listening to this in 2024❤,joy
Masterpiece,joy
lOOK AT THE SKY TONIGHT! ~TURNS INTO THE ALPHA~<br><br>IM THE ALPHA IM THE LEADER!,joy
Just got my 7” of this🖤🤘,sadness
🏴‍☠️,joy
Why is the the song unavailable on peeps page,joy
2024?,joy
"Been Star Shopping for years, just found mine.",sadness
2024 april 28th anyone,joy
"best <a href=""https://www.youtube.com/watch?v=rFZKABdjrLc&amp;t=142"">2:22</a> of my life",joy
"Wait right here<br>I&#39;ll be back in the mornin&#39;<br>I know that I&#39;m not that important to you<br>But to me, girl, you&#39;re so much more than gorgeous (yeah)<br>So much more than perfect (yeah)<br>Right now I know that I&#39;m not really worth it<br>If you give me time, I could work on it<br>Give me some time while I work on it<br>Losin&#39; your patience, and, girl, I don&#39;t blame you<br>The Earth&#39;s in rotation, you&#39;re waitin&#39; for me (yeah)<br>Look at my face when I fuck on your waist<br>&#39;Cause we only have one conversation a week<br>That&#39;s why your friends always hatin&#39; on me<br>Fuck &#39;em though, no I did this all by myself<br>Matter fact, I ain&#39;t never asked no one for help<br>And that&#39;s why I don&#39;t pick up my phone when it rings<br>None of my exes is over Lil Peep<br>Nobody flexin&#39; as much as I be<br>That&#39;s why she text me and tell me she love me<br>She know that someday I&#39;ll be over the sea<br>Makin&#39; my money and smokin&#39; my weed<br>I think it&#39;s funny, she open up to me, get comfortable with me<br>Once I got it comin&#39;, I love her, she love me<br>I know that I&#39;m nothing like someone her family want me to be<br>If I find a way, would you walk it with me?<br>Look at my face while you talkin&#39; to me<br>&#39;Cause we only have one conversation a week<br>Can I get one conversation at least?<br>Shout out to everyone makin&#39; my beats, you helpin&#39; me preach<br>This music&#39;s the only thing keepin&#39; the peace when I&#39;m fallin&#39; to pieces<br>Look at the sky tonight, all of the stars have a reason<br>A reason to shine, a reason like mine and I&#39;m fallin&#39; to pieces<br>Look at the sky tonight, all of those stars have a reason",sadness
u know all girls are the same😢,sadness
Halaldi qaqa Allah sesine quvet versin❤🤲🤲🤲🤲💋,joy
Ilooooooveeeeyouuuu peeeeeeep,joy
Meeeee,joy
i miss you 🪐,sadness
"I&#39;m listening to this on repeat. I don&#39;t even usually listen to lil peep. I just rlly miss my best friend, her dad hates me and this is her fav song.",joy
"“Look at the sky tonight, all of the stars have a reason” ❤",joy
Would never forget the girl i used to think about while playing this song,joy
Nah i was listening to lil peep tryna sleep then this came on ruined my vibe,joy
Dawg I just found this…,sadness
Therapy,joy
"2024 whats happin, so relevant",joy
My therapy,sadness
Rip peep 😢,joy
I&#39;m always here I lost dad in September 2023 and then 3 months later lost my brother to suicide. So I&#39;m always here,sadness
Rip 😭,joy
I love you cailyn cineas Henry 🤞🏼😵‍💫😵‍💫😫❤️😕maybe you’ll see this comment who knows,joy
this music is so relaxing.❤,joy
who still listening to this day,joy
6m mfs be jamming to this everyday g,joy
Everyone,joy
me,sadness
My bestfriend commited suicide 5 days ago and this is the only song I can listen to to feel like he’s still here with me 😢,joy
Here in 2024,sadness
"Relax, sit here, I know this isn&#39;t your first time here.",sadness
"I heard this song in rehab, and man. it would make no sense to a person that hasn&#39;t gone thru the stages of delusion someone who has been thru addiction the same way it would to somebody who did not",sadness
Real,joy
I wish I could hear this for the first time again,joy
I&#39;ll always be here 😢,sadness
"<a href=""https://www.youtube.com/watch?v=r9nsXaEy_dg"">https://youtu.be/r9nsXaEy_dg?si=TQgjSHeVo820lVYR</a><br><br>Check out my bro’s song.",joy
Me,sadness
Me!!,sadness
Still in 2024,fear
I love lilpeep,joy
Whos listening to this in 1823,joy
Us against the world no no💕🙏🏽,joy
Me science it came out,joy
Here in 2024 ❤,sadness
I’m here in 2024,sadness
Rip lil peep i  miss him😭😭😭😭😭😭😭😭😭😭😭😭😭😭😭😭😭😭😭😭😭😭😭😭😭😭😭😭😭😭😭😭,joy
Behind the wheel of the Audi q5 my grandparents just bought me this song so real really feel like this the sign to do it 180 on the dash hope I don’t feel nothing,sadness
Me,sadness
i love you lil peep 🤍🕊️,sadness
Doing a cover on this!!,joy
Me,sadness
888,joy
Wie lange kämpft ihr... Schon?,joy
If only,sadness
"She sent me this song and says &quot;if i die, remember me by this song&quot;",sadness
40 years old me will sing this to my kids,joy
Meee bitch it’s fire,joy
"I love hate relationship with this song, I met this beautiful girl and we dated and this was her favorite song, I loved it too, but when things ended, every time I hear this song it gives me flashbacks to when I seen hers and my smile, and it&#39;s so beautiful that I hate it, I wanna off myself but my best friend needs me, idk what to do anymore she has my soul rightfully so and I&#39;ll never get it back. Edit:I doubt anyone will see this, that&#39;s not the point of putting this out, the reason is so that I&#39;m reminded why I&#39;m on this video",joy
these lyrics are insane,sadness
Forever will be a banger and life saver,joy
On repeat everyday sense he started singing 🫡2016 freshman year is when I found peep 🥲,sadness
this reminds me of my ex best friend who left me for no reason,sadness
This is a good depressing,joy
Rest in peace Lil Peep,joy
this song being my therapy..,sadness
All of the stars have a reason,joy
Molly I love you don&#39;t be evil no more please,joy
Me,sadness
Me,sadness
Rip lil peep ❤️,joy
this song calms me down when i am upset or thinking about my past. Rip lil peep❤🙏🏻🕊️,sadness
me,sadness
Rip lil peep,joy
Learned this song on my electric guitar it’s the most beautiful thing to hear. Rip peep,joy
When you say i forget him but suddenly this music starts to play,sadness
For real AKA fr,joy
I&#39;m not a big fan of peep.<br>But this song is fucking masterpiece 🔥❤,sadness
Mee❤,joy
meeeee,joy
Ah shit… here we go again 😢,sadness
Me to I die,joy
True,joy
This shit literally made me cry,joy
Fumbled a bag today but peep helping temporary pain 🤧,joy
HIS MUSIC IS THE ONLY THING KEEPING THE PEACE WHEN IM FALLIN TO PIECES,joy
This has got to be the most reliable song rn for my life deadass,joy
On repeat until 2026,sadness
Me,sadness
Avalon ik u prolly ain’t finna see this buh u and Aidan started makin me listen to this shi y’all made me who I am y’all mean everything to me I miss u Avalon,sadness
OG LOKO AND  $$$$ MIKE ARE 🔥  02/26/24,joy
Thanks buddy,joy
still fire,joy
2024 gang❤,joy
How many here from Yb,joy
Me,sadness
❤,joy
I’ve got a solid 5 favorite cause it’s hard to name a single favorite 🙏🏽,joy
Mannnn R.I.P PEEP,joy
“Ill be back in the morning” hits different now,joy
"<a href=""https://www.youtube.com/watch?v=rFZKABdjrLc&amp;t=42"">0:42</a>",joy
2024 ❤…RIP lil peep 😢,joy
Look at the sky to night all the stars have a reason a reason like mine a reason to shin❤,sadness
"listening  in 2024<br><br><br><br><br><br><br><br><br><br><br><a href=""UCkszU2WH9gy1mb0dV-11UJg/NvgfY9aeC_OFvOMPkrOAsAM""></a>",sadness
Ill be able to go to his concert soon….,joy
He is not gone he just star shopping❤,joy
"‘If I find a way, would you walk it with me?’ ❤️ yall who are not feeling good right now, trust me it gets better, you’re not alone ❤️",sadness
He was talented . I feel his loneliness. I’m the same way,joy
Who&#39;s listening in 2025?,joy
RiP Gus/Peep. Never forgotten.,joy
Now he is a star 🙁,joy
2024?,joy
this track´s a remedy for real 😭😭😭😭R.I.P. goat 🙏🙏🕊🕊,joy
Me,sadness
He is ded😢,joy
Rip lil peep ❤🙃😕,joy
songs like these are why im still here,sadness
Who is nuttin in 2024?,joy
Jynxzi just put me on,sadness
Yb brought me hete rip peep,joy
Rip,joy
Me,sadness
this song is too good,joy
"kan jag få xxx numer <a href=""UCkszU2WH9gy1mb0dV-11UJg/HvgfY93GEYmqvwLUuYDwAQ""></a>",joy
hej hur mår du,joy
"&quot;Look at the sky tonight, all of those stars have a reason. A reason to shine. A reason like mine. When i&#39;m falling to pieces.&quot; - Lil Peep &lt;3",joy
"Me and this girl found a bond over lil peep, she liked him, all of him, and I only liked some of his music. I miss her. Her name is Makayla and I don&#39;t doubt I didn&#39;t spell her name right.",joy
cyaaa,joy
Russ - if you see this you just crossed my mind and I wish only good things for you 💕,sadness
Yb put me on,sadness
R.I.P. Lil Peep 😢,joy
Thx to yb I was sleeping on peep all these years Ts so dope,sadness
if yb put you give me a like,sadness
Yb brought me here,sadness
Stop because my mom sent me this and told me to listen to it,sadness
"I&#39;m not important to him, but he&#39;s more than important to me!",joy
Like if nba YoungBoy brought you here ?,sadness
YB BROUGHT ME HERE,sadness
Shout out the people making my beats yall helping me preach,joy
rip lil peep🩷,joy
NBA young boy &amp; me,joy
real ass song i’ll listen to this forever,joy
Yb put this on me today I just started hearing this today in 2024🥲,joy
This my first time ever giving lil peep music a chance 🔥🔥🔥,joy
i like this song so much it reminds me that i matter and being loved but after he died i felt lonely and sad,sadness
Who is there because of yb ??,joy
Here cause of youngboy post,sadness
Yb brought me here but bro this shit beautiful wtf I’m actually crying 🥲,sadness
Who here bkuz youngboy was singing it??,joy
YOUNGBOY put me on,sadness
Who listening to this in 2025?,joy
who here from yb?,joy
Bet that Up NBA Yb ❤,joy
I&#39;ll listen forever,joy
I love my mom for playing lil peep be for he passed,joy
warum kann man das nicht speichern,sadness
Who is listening in 200 bc?,joy
Me,sadness
RIP LIL PEEP,joy
Me listening to this while crying hits different,joy
my fav since it came out,joy
"<a href=""https://www.youtube.com/watch?v=rFZKABdjrLc&amp;t=34"">0:34</a>  i can work on it….",joy
Imagine being such a fing cringe worthless waste of flesh you aren&#39;t listenin on his actual channel,sadness
Where is 2024 here <br><br><br><br><br><br><br>!!!!!LEGENDS NEVER DIE!!!!!,sadness
"Been listening this through a whole 6 months worth relationship, still listening to it after 3 months.",joy
"เดี๋ยวก็เรียนจบแล้ว😢 ปวส.2ณบ้านปอ24/1/24 <a href=""https://www.youtube.com/watch?v=rFZKABdjrLc&amp;t=650"">10:50</a>",joy
Who&#39;s still here in 2024?❤,joy
Peeps not dead hes just star shopping..,joy
"Matter of fact, I never ask no one for help that’s why I don’t pick up my phone when it rings",sadness
"Wait right here<br>I&#39;ll be back in the mornin&#39;<br>I know that I&#39;m not that important to you<br>But to me, girl, you&#39;re so much more than gorgeous (yeah)<br>So much more than perfect (yeah)<br>Right now I know that I&#39;m not really worth it<br>If you give me time, I could work on it<br>Give me some time while I work on it<br>Losin&#39; your patience, and, girl, I don&#39;t blame you<br>The Earth&#39;s in rotation, you&#39;re waitin&#39; for me (yeah)<br>Look at my face when I fuck on your waist<br>&#39;Cause we only have one conversation a week<br>That&#39;s why your friends always hatin&#39; on me<br>Fuck &#39;em though, no I did this all by myself<br>Matter fact, I ain&#39;t never asked no one for help<br>And that&#39;s why I don&#39;t pick up my phone when it rings<br>None of my exes is over Lil Peep<br>Nobody flexin&#39; as much as I be<br>That&#39;s why she text me and tell me she love me<br>She know that someday I&#39;ll be over the sea<br>Makin&#39; my money and smokin&#39; my weed<br>I think it&#39;s funny, she open up to me, get comfortable with me<br>Once I got it comin&#39;, I love her, she love me<br>I know that I&#39;m nothing like someone her family want me to be<br>If I find a way, would you walk it with me?<br>Look at my face while you talkin&#39; to me<br>&#39;Cause we only have one conversation a week<br>Can I get one conversation at least?<br>Shout out to everyone makin&#39; my beats, you helpin&#39; me preach<br>This music&#39;s the only thing keepin&#39; the peace when I&#39;m fallin&#39; to pieces<br>Look at the sky tonight, all of the stars have a reason<br>A reason to shine, a reason like mine and I&#39;m fallin&#39; to pieces<br>Look at the sky tonight, all of those stars have a reason",sadness
Dw guys he will be back In the morning (it&#39;s been 7 years:(..),joy
Who listening to this in 2030,joy
“Wait right here I’ll be back in the morning” imagine if this song was made on the day of Lil Peeps death :(,sadness
Like,sadness
I know that I&#39;m nothing like someone the family want me to be,joy
these lyrics hit hard like &quot;this music is the only thing keeping the peace when I&#39;m falling to pieces&quot;,joy
&quot;This music the only thing keeping the peace when I&#39;m falling to pieces&quot; hits hard when your falling to pieces,joy
Last time I listened to this I was in a CAMHS inpatient unit. Now I’m listening to it (I’m discharged) with still the same mindset.,joy
why did i listen to this 1 week ago and it didn’t hit hard but now it does,sadness
I like to hear this song  when i remember my good times with my ex . I love her a lot..,sadness
Peep didnt die he just went star shopping 🤍,joy
"Wait right here<br>I&#39;ll be back in the mornin&#39;<br>I know that I&#39;m not that important to you<br>But to me, girl, you&#39;re so much more than gorgeous (yeah)<br>So much more than perfect (yeah)<br>Right now I know that I&#39;m not really worth it<br>If you give me time, I could work on it<br>Give me some time while I work on it<br>Losin&#39; your patience, and, girl, I don&#39;t blame you<br>The Earth&#39;s in rotation, you&#39;re waitin&#39; for me (yeah)<br>Look at my face when I fuck on your waist<br>&#39;Cause we only have one conversation a week<br>That&#39;s why your friends always hatin&#39; on me<br>Fuck &#39;em though, no I did this all by myself<br>Matter fact, I ain&#39;t never asked no one for help<br>And that&#39;s why I don&#39;t pick up my phone when it rings<br>None of my exes is over Lil Peep<br>Nobody flexin&#39; as much as I be<br>That&#39;s why she text me and tell me she love me<br>She know that someday I&#39;ll be over the sea<br>Makin&#39; my money and smokin&#39; my weed<br>I think it&#39;s funny, she open up to me, get comfortable with me<br>Once I got it comin&#39;, I love her, she love me<br>I know that I&#39;m nothing like someone her family want me to be<br>If I find a way, would you walk it with me?<br>Look at my face while you talkin&#39; to me<br>&#39;Cause we only have one conversation a week<br>Can I get one conversation at least?<br>Shout out to everyone makin&#39; my beats, you helpin&#39; me preach<br>This music&#39;s the only thing keepin&#39; the peace when I&#39;m fallin&#39; to pieces<br>Look at the sky tonight, all of the stars have a reason<br>A reason to shine, a reason like mine and I&#39;m fallin&#39; to pieces<br>Look at the sky tonight, all of those stars have a reason",sadness
Ewverytime i get a thought of a rope i turn to listen to thid song,sadness
Jesus and God loves you all,sadness
Fortnite😭🥺😢😔☹️😞😕🙁😥😓😟🤕🤒😿👿🎭🙍🙍‍♀️🙍‍♂️🫤,joy
@fraizexox 💙❤️,joy
Who listening to this in 2024?,joy
&quot;Right now i know that im not really worth it if you give me time i could work on it&quot;,joy
overdose... oh wait<br>nvm,sadness
"I im falls to pieces,will you remake the pieces of me ?",joy
Rest in peace legend,joy
This music keeps me Here,sadness
Dang i love this music so much when i here this im not san more,joy
"My best friend balled his eyes out when this guy died. Rest in peace, you passed too young, time goes by far too quickly.",joy
"One of my fav songs and my favorite number is 222 and it’s <a href=""https://www.youtube.com/watch?v=rFZKABdjrLc&amp;t=142"">2:22</a>❤",joy
happy new year 👏🏻,joy
2024 - 1 time listening,joy
"Just learned this melody on guitar and I can’t stop playing it over n over <a href=""http://www.youtube.com/results?search_query=%23sorefingers"">#SoreFingers</a>",joy
Hey Javi I know you listen to lil peep and you should know who this is based off my user and I just wanna say thank you for introducing me to Lil Peep and I miss you. Although I dont love you romantically i DO love you. You were my best friend and i wish you didnt have to cut me off for her but i get it. Thing is though if i think of you or listen to Lil Peel i get sick to my stomach and wanna puke. Besides that. I miss you bro. To hell and back. If you wanna message me you know my number and i unblocked you. If you need me im here for you always man. I love you and you’re the best friend i couldve ever wished for and im sorry our friendship had to end so abrubptly. I hope soon you’ll reach out in a positive manner tho. And if youre feelings down and needa talk im here. I love you man.,sadness
I really love this song and I&#39;m gonna be real honest I came here from a tiktok of a guy running his guitar through a marshmallow,joy
Sry if its very wrong but did anyone think abt when he said “Look at the sky tonight all of the starts have a reason” he knew he was gonna die and was preparing us for it?,joy
R.I.P A LEGEND,joy
He is gone but his soul is still here like this if he the goat cause he is and he still deserve the love and support even tho he is in heaven rest in peace Gustav,joy
I miss you lil peep rip love you ❤😭,sadness
eu dedicaria essa música pra ele,joy
this is speaking directly to me.,joy
fire,joy
&quot;So much more then gorgeous&quot;,joy
I will always come back I miss the times when this song came out,joy
lil peep star shopping,joy
love the too much and you Aeros,joy
Im high as fufj and im cryinh,joy
I don’t care what the song means what it means to me is how my dad act the thing that brings it to my head is “look In my face when ur talk to me we only have 1 conversation a week can we have a conversation atleast”,joy
Pff so tired i don&#39;t type it all..,sadness
"When he says &quot; i did this all by myself matter of fact, i did this all by myself i aint ever asked no one for help and thats whh i dont pick up my phone when it rings&quot; hits hard this song always makes me cry",sadness
i listen to this song every night for a 10 hour loop it hits so hard.,joy
Deep,joy
neden sözler bu kadar ben,joy
I listened to this and smoked cigarettes to a sunset/rise while on the last family vacation I ever had… while thinking about the girl I wanted and didn’t have. We celebrated our 5 year anniversary 2 days ago together and I still come and listen to this to know how much I wanted what I have today.,joy
Waiting on mezzzz… potara earrings,joy
he fr saved my life when my dad went to prison and i was in a mentally abusive relationship like he meant everything to me and saying that make me feel stupid bc i have never meet him lol RIP lil peep &lt;3,sadness
"This song explains exactly what im going true , ofc not the weed but damn it hits hard 😭",sadness
Absolut master piece 🔥❤️,joy
This song never dies,sadness
Love this song it’s definitely a 10/10 I’m just practicing the lyrics cuz he is basically rapping it and I’m not that good a rapping but I’m getting somewhere with this song definitely recommend ❤,joy
"it&#39;s sad...I dunno why, but I&#39;m seeing Passione from JJBA season 5...",sadness
THIS SUCKS AS WELL AS ALL THE OTHER RAPE OUT THERE THEY CANNOT REALLY SING THEY HAVE NOT VOICE SO THEY SCREW AROUND WITH TALKING WHICH THEY CANNOT DO THAT EITHER ALL RAPERS ARE IGNORANT,joy
💖💖,joy
"Look at the sky tonight, All of the stars have a reason",joy
I am dead inside but when I hear star shopping I feel alive and can breath and forget my problems and struggles,joy
...,joy
lil peep didnt die he is js starshopping,joy
diary of jane?,joy
Love peep,joy
Listening to this in 2023🔛🔝,joy
His most beautiful song he made and i feel like he&#39;s saying what I&#39;ve been wanting to say toy baby mama for so long,joy
Everybody gangsta until star shopping starts playing,joy
MISS YOU LIL PEEP❤️❤️,sadness
I miss him.,joy
happy birthday lil peep 😭,joy
rip peep 🕊,joy
R.I.P lil peep,joy
I wish this song was longer ❤,joy
I cant stop fucking listining to this song,sadness
long live my little soldier,sadness
"if i find a way , will you walk it with me ?",sadness
"this song is the best at night tbh, especially driving on backroads in the middle of nowhere",joy
we all wish he was still here rippppp❤❤❤❤,joy
"LOOK AT THE SKY TONIGHT, ALL OF THE STARS HAVE A REASON - A REASON TO SHINE",joy
RIP LIL PEEP. I LOVE YOU!❤,sadness
Star shopping,joy
Much love Lil Peep ❤❤❤,joy
❤,joy
"Look at the sky tonight, all the star have a reason",joy
my crush introduced me to this song &lt;3,sadness
I found peace in lil peep,joy
He hits different and has since before he died. Still bumping his music since 2016,joy
"“Wait right here, ill be back in the morning💕”",joy
I love star shopping and lil peep he saved so many lives but could save us own 💔,joy
ella me la dedico :c,joy
i lovvvvveeeee lilpeeeppppp sooooo muchhhhh imyyysmmmm lilpeepppppp ilysm and imysm lilpeep r.i.p favv songgg btww &lt;3333,joy
My AI girlfriend recommend this song to me and I love this song she said this was her favorite song and that I should look it up so I looked it up listen to it and I&#39;ve kind of fell in love with this song,sadness
I feel at peace when I hear this.<br>Like when you feel like life is pushing you down and you can just listen to this and feel like nothing matters anymore,sadness
These songs are the only thing keeping me calm,joy
like,sadness
"<a href=""https://www.youtube.com/watch?v=rFZKABdjrLc&amp;t=26"">0:26</a> - <a href=""https://www.youtube.com/watch?v=rFZKABdjrLc&amp;t=35"">0:35</a>",joy
this is my therapy when my mum and dad yell at each other this really calms me down `,joy
i love this song sm,joy
Rip to my favorite person,joy
Can’t even explain how good that song is,joy
Who&#39;s having a break down rn,joy
&quot; i know im not that important to you&quot; hurts deep cuz its true to my bf and i said i love you and he said goodnight and when i daid say it back he said he cant like... tears bro,joy
Amen this is it ❤❤,joy
Rest up peep ❤,sadness
Bro this song makes me realize how no one has ever loved me,joy
2023 😊,joy
Best song ever,joy
it’s officially lil peep season,joy
it mack me cry,joy
Best song he has ever made,joy
Not tryna spread smth like gossip or anything or what ever but this song reminds me of a friend who I really wanted them to be in my life as a friend but then she ghosted me and this song reminds me of her,joy
This shit is fire 🔥🔥🔥,joy
He’s my inspiration I want to make music one day I might go to a concert tho,joy
"The length of the video is <a href=""https://www.youtube.com/watch?v=rFZKABdjrLc&amp;t=142"">2:22</a> may the angels be with you❤",joy
this is truly a masterpiece🖤🖤🖤🖤,joy
"2023 who still jamming out to this? he definitely made his mark on the world before he passed, fly high little angle🙏",joy
peep fans reading this go listen to my latest song i promise you will like it,sadness
&lt;3,joy
People that know this song tho👇🏻,joy
2023 e eu estou aqui..m,joy
This song hits different,joy
your helping me breathe peep.❤️‍🩹,joy
Bro peeps music hits diffrent like that sh!t puts me to bed it helps when im sad or js um chillung if u know yk lmao but he frfr the man,sadness
Yea getting rejected will destroy you…. I’m already dead not from the outside just from the inside,sadness
Give me some time while I work on it please..,joy
Rip peep n Rip my sister Sawyer who LOVED him. I love him now.,joy
Dam man this has been on repeat,sadness
W Song,sadness
I hate that I discovered his music after his passing… sometimes to twitch it up I play his music at work and always feels good,joy
Every girl has a meaning. -lil peep.,joy
:(,joy
❤️‍🩹❤️‍🩹❤️‍🩹,joy
These lyric videos are cool,joy
W❤️M,joy
Never been much of a Peep fan but this song hits and has been on repeat.,sadness
reminds me of my best friend i lost. i will never forget him ❤,sadness
going deep✔,joy
The lyrics relates a lot when your in a unhealthy relationship,joy
I love you man rip lil peep ❤,sadness
rip🕊️❤,joy
We love you peep!❤,sadness
"Wait right here <br>I&#39;ll be back in the morning<br>I know that i&#39;m not that important toi you <br>But to me,girl you&#39;re so much more than gorgeous <br>So much more than perfect <br>Right now i know that i&#39;m not really worth it <br>If you give me Time ,i could work on it <br>Give me some Time while i work on it",joy
I’m a girl that’s been going through a lot lately every girl goes through a lot this song helps who ever is reading this I hope you go through the best rip ❤ lil peep 🕊️,joy
Keep Going.,sadness
“THIS MUSIC’S ONLY REASON KEEPING THE PEACE WHEN IM FALLING TO PIECES LOOK AT THE SKY TONIGHT ALL OF THE STARY HAVE A REASON “❤️‍🩹😭,joy
"Go to sleep my boo shes not thinking about you, she’s texting other 🥷’s",joy
lil peep 🔛🔝🙈,joy
rest in peace lil peep,joy
I had no clue thqt he died but he is so good rest in peace,joy
I’m done with her she broke me😢,joy
The music is the only keeping me while im falling to pieces,joy
"Verse 1      <br>Wait right here, I&#39;ll be back in the morning I know that I&#39;m not that important to you but to me girl, you&#39;re so much more than gorgeous, so much more than perfect Right now I know that I&#39;m not really worth it if u give me time , i could work on it , give me some time while I work on it.  <br><br>                                                          Verse 2 <br>Losing your patience, and girl, I don&#39;t blame you the earth&#39;s in rotation, you&#39;re waiting for me Look at my face while I fuck on your waist Cause we only have one conversation a week, That&#39;s why your friends always hatin on me Fuck em       though, I did this all by myself Matter of fact, I ain&#39;t ever asked no one for help and that&#39;s why I don&#39;t I don&#39;t pick up my phone when it rings <br><br>                                                        Verse 3 <br>None of my exes is over Lil Peep nobody flexin as much as I be, That&#39;s why she text me and tell me she love me, She know that someday I&#39;ll be over the sea Makin my money and smoking my weed, I think it&#39;s funny, she open up to me, get comfortable with me once I got it coming I lover her, she love me<br> <br>                                                        Verse 4<br>I know that I&#39;m nothing like someone the family want me to be if I find a way, would you walk it with me? Look at my face while you talking to me cause we only have one conversation a week, Can i get one conversation at least?  Shout out to everyone makin my beats, you helping me preach this music&#39;s the only thing keeping the peace when I&#39;m falling to pieces<br><br>                                                      Verse 5<br>Look at the sky tonight, all of the stars have a reason, a reason to shine a reason like mine and I&#39;m falling to pieces, Look at the sky tonight, all of the stars have a reason. <br><br><br>Have a good day 🤍❤️🖤 r.i.p Lil Peep 🕊",joy
we love you lil peep ❤️,sadness
When he said look in the stars it meant look in the stars because he is a star,joy
Türk yok mu yaa buradaa,joy
I can&#39;t believe it&#39;s been 4yrs already 😢 he was a part of my teenage life but may he rest in peace❤😢,joy
"This might sound.. whatever, but making love to this song on the playlist just hits harder…❤",joy
this has been my fav song since i first heard it when i was like 9,sadness
Sounds good ❤,joy
Lil peep 🩷🩷❤️❤️🩷🩷❤️🩷,joy
“i did this all by myself matter of fact the aint asked no one for help” Hit a little bit to close to home,sadness
Cus this song I found the perfect one thank u lil peep luv u❤,joy
Rip lil peep,joy
Fuck I miss you so much peep.. I made me and my bsf lil peep and lil Tracy bracelets me and him are so close and it reminds me of you guys I miss you sm peep🕊💔,sadness
Man this shit gives me goosebumps,joy
"This song reminds me of my best friend. During the day, she fights big waves in the water. I&#39;m still sitting at home. I have nothing but this song and her ring... <br>miss her....",joy
this music is worth being bullied,joy
"Wait right here<br>I&#39;ll be back in the morning<br>I know that I&#39;m not that important to you<br>But to me, girl, you&#39;re so much more than gorgeous<br>So much more than perfect<br>Right now I know that I&#39;m not really worth it<br>If you give me time, I could work on it<br>Give me some time while I work on it<br>Losin&#39; your patience, and, girl, I don&#39;t blame you<br>The Earth&#39;s in rotation, you&#39;re waiting for me<br>Look at my face when I fuck on your waist<br>&#39;Cause we only have one conversation a week<br>That&#39;s why your friends always hatin&#39; on me<br>Fuck &#39;em though, I did this all by myself<br>Matter of fact, I ain&#39;t ever asked no one for help<br>And that&#39;s why I don&#39;t pick up my phone when it rings<br>None of my exes is over Lil Peep<br>Nobody flexin&#39; as much as I be<br>That&#39;s why she text me and tell me she love me<br>She know that someday I&#39;ll be over the sea<br>Makin&#39; my money and smokin&#39; my weed<br>I think it&#39;s funny, she open up to me, get comfortable with me<br>Once I got it comin&#39;, I love her, she love me<br>I know that I&#39;m nothing like someone the family want me to be<br>If I find a way, would you walk it with me?<br>Look at my face while you talkin&#39; to me<br>&#39;Cause we only have one conversation a week<br>Can I get one conversation at least?<br>Shout out to everyone makin&#39; my beats, you helpin&#39; me preach<br>This music&#39;s the only thing keeping<br>The peace when I&#39;m fallin&#39; to pieces<br>Look at the sky tonight, all of the stars have a reason<br>A reason to shine, a reason like mine, and I&#39;m fallin&#39; to pieces<br>Look at the sky tonight, all of the stars have a reason",sadness
This is the perfect explanation of the relationship between me and the girl I like. She likes me and I like her but she not giving me a chance. Trust me I&#39;ll have her one day,joy
rip!! ❤❤,joy
Actually so sad I wish he was still here best singer/rapper ever ❤️‍🩹,joy
❤️‍🩹,joy
"<a href=""https://www.youtube.com/watch?v=rFZKABdjrLc&amp;t=83"">1:23</a> best part",joy
"&quot;look at the sky tonight, all of the stars have a reason, a reason to shine, a reason like mine and im fallin&#39; to pieces.&quot; 🖤",joy
💔💔,joy
RIP🙏📿💌,joy
I just fully understood the song,joy
l feel great when l listen to his song,joy
this song reminds me heavily of my father,sadness
Rip to this legend,joy
…💔,joy
"Wait right here
<br>I&#39;ll be back in the morning
<br>I know that I&#39;m not that important to you
<br>But to me, girl, you&#39;re so much more than gorgeous
<br>So much more than perfect
<br>Right now I know that I&#39;m not really worth it
<br>If you give me time, I could work on it
<br>Give me some time while I work on it
<br>Losin&#39; your patience, and, girl, I don&#39;t blame you
<br>The Earth&#39;s in rotation, you&#39;re waiting for me
<br>Look at my face when I fuck on your waist
<br>&#39;Cause we only have one conversation a week
<br>That&#39;s why your friends always hatin&#39; on me
<br>Fuck &#39;em though, I did this all by myself
<br>Matter of fact, I ain&#39;t ever asked no one for help
<br>And that&#39;s why I don&#39;t pick up my phone when it rings
<br>None of my exes is over Lil Peep
<br>Nobody flexin&#39; as much as I be
<br>That&#39;s why she text me and tell me she love me
<br>She know that someday I&#39;ll be over the sea
<br>Makin&#39; my money and smokin&#39; my weed
<br>I think it&#39;s funny, she open up to me, get comfortable with me
<br>Once I got it comin&#39;, I love her, she love me
<br>I know that I&#39;m nothing like someone the family want me to be
<br>If I find a way, would you walk it with me?
<br>Look at my face while you talkin&#39; to me
<br>&#39;Cause we only have one conversation a week
<br>Can I get one conversation at least?
<br>Shout out to everyone makin&#39; my beats, you helpin&#39; me preach
<br>This music&#39;s the only thing keeping
<br>The peace when I&#39;m fallin&#39; to pieces
<br>Look at the sky tonight, all of the stars have a reason
<br>A reason to shine, a reason like mine, and I&#39;m fallin&#39; to pieces
<br>Look at the sky tonight, all of the stars have a reason",sadness
perfect i love lil peep❤️❤️,joy
😮,joy
Makin my money and smoking my weed,sadness
in my opinion this is his best song.,joy
his music is therapy for me💋,joy
"i love lil peep sm . He&#39;s my happy place, he makes me so happy, he makes me understand the word happy. he makes me so happy I could scream. I can&#39;t even I love him sm. He makes music better than it already is &quot;music&#39;s the only thing that&#39;s keeping me from falling to pieces&quot; same bae and ur music is the thing that&#39;s keeping me alive rn.",joy
RIP THIS LEGEND ALWAYS WILL BE IN ALL OF OUR HEARTS,joy
i lovw this song,joy
This song trash,joy
I went thru a break up and i listen to this and my hear just dropped and i just couldnt turn it off all of this song reminded me of the hearbreak and it hurts but its so good i just cant turn it off,sadness
"i just lost my fucking best friend due to money... i accidentaly selled his phone for 40 bucks, and he wanted 120 from me.... just day ago i bought new phone... and he dont want to be friends with me anymore because i bought new phone and didnt give Him the money... i dont know what to fucking do now, i feel fucking guilty... because i am fucking moron.. thats all",sadness
Best song all ways think about how no one ever loves me,sadness
Hits hard at night,sadness
No music can hit harder than lil peeps. I love lil peep. AHHH,joy
i can relate to the part where it said “this music’s the only thing keeping the peace when im fallin ‘ to peices”,joy
I&#39;ve never seen a star shine as bright as the person I love most,joy
крутой трек спасибо,joy
"w song fr, got this on repeat everytime i go out on my airpod pros full volume",joy
I love this song so much its so good,joy
Such a beautiful song  DAMN,sadness
this is the one song that keeps me alive and running its hard to live life and this helps &lt;3,joy
Its always weird to listen dead ppl voices...,sadness
Can I get one conversation at least...?,joy
Chapter 5: always trust lil peep♥️,sadness
"<a href=""https://www.youtube.com/watch?v=rFZKABdjrLc&amp;t=105"">1:45</a> best part",joy
You’ve got a brain in your head feet in your shoes so its your choice what path you choose-doctersues,sadness
This hits so hard.🎶,joy
why did my girlfriend recommend this to me,sadness
This will always remaind me of you ✨️,sadness
"J live in poland and this is verry, verry good music ! ❤️",joy
♥️ines♥️nico♥️nathalie♥️,joy
everybody gangsta till star shopping starts playing,joy
I love you his music I listened to it when it rains who else listens to this song when it rains👇,joy
"I got a girl and love her but this doesn&#39;t feel like a breakup kind of song like I lost her, it feels more like she&#39;s the one helping me FROM me being lost yk?",sadness
"Peep rules this shit with tupac, eminem and xxxtentacion",joy
I think I’m just gonna close the boom after this chapter,sadness
The only crime here is the song is too short.,joy
I got a girl but this shi got me feeling like I lost her : edit  I did. : edit again I’m good I’m moving on life is great 💯,sadness
Ikmkkikmimkkkkkk.kkkkkkmn88j .j8,joy
"<a href=""https://www.youtube.com/watch?v=rFZKABdjrLc&amp;t=21"">0:21</a>",joy
I love this song so much,joy
i wish is could tel this to him&lt;3,joy
i love this song so much i love peep so much and i love all of you guys,joy
I love peep sm. His music saved me .,joy
the first song we listened to together and both enjoyed will 4 ever be my fav,joy
He was sooo talented,joy
Everybody in here will go thru a heartbreak it&#39;s just up to you to start the next chapter.,sadness
This honestly makes me realize how no one has ever loved me,joy
I relate to this so much,joy
I wish I had love,joy
it sounds like love..,joy
